question,answer
"What programs do you offer?","We offer undergraduate and graduate programs in various fields including Arts, Sciences, Engineering, and Business."
"What are the admission requirements?","Admission requirements vary by program. Please visit our admissions page for detailed information."
"When is the application deadline?","The application deadline for Fall semester is usually June 1, and for Spring semester, it's November 1."
"Is there an application fee?","Yes, there is a non-refundable application fee of $50."
"What is the tuition fee?","Tuition fees vary by program. Please check our website for the latest fee structure."
"Are there scholarships available?","Yes, we offer various scholarships based on merit and need. Check our scholarship page for details."
"What is the campus like?","Our campus is vibrant and includes modern facilities, libraries, and recreational areas."
"Do you offer online courses?","Yes, we offer a variety of online courses for flexible learning."
"What is the student-to-faculty ratio?","Our student-to-faculty ratio is approximately 15:1, ensuring personalized attention."
"How can I apply for housing?","You can apply for housing through our housing portal once you are admitted."
"What facilities are available on campus?","We have libraries, labs, gyms, and student centers among other facilities."
"Is there a counseling service for students?","Yes, we provide mental health and counseling services to all students."
"What are the career services offered?","Our career services include resume workshops, interview preparation, and job placement assistance."
"What student organizations are available?","We have over 50 student organizations including academic clubs, cultural groups, and sports teams."
"What is the campus security like?","Campus security is active 24/7 and ensures a safe environment for all students."
"How can I contact the admissions office?","You can contact the admissions office via email at admissions@example.com or call (123) 456-7890."
"Are internships available for students?","Yes, we encourage internships and have partnerships with several companies for placements."
"What is the academic calendar like?","Our academic year is divided into two semesters: Fall and Spring, with a summer session."
"What support services are available for international students?","We offer orientation, counseling, and visa assistance for international students."
"What is the process for transferring credits?","Please contact the registrar's office for details on transferring credits from other institutions."
"Can I visit the campus before applying?","Yes, we encourage campus visits. Please schedule one through our website."
"What extracurricular activities are offered?","We offer various extracurricular activities including sports, music, and volunteer programs."
"Is there a dress code on campus?","We encourage students to dress comfortably and appropriately for classes."
"What are the library hours?","The library is open from 8 AM to 10 PM on weekdays and 10 AM to 6 PM on weekends."
"Do you have a health center on campus?","Yes, we have a health center that provides medical services to students."
"What is the policy on academic dishonesty?","We have a strict policy against academic dishonesty, which includes plagiarism and cheating."
"Are there facilities for students with disabilities?","Yes, we provide support and accommodations for students with disabilities."
"How can I find a part-time job on campus?","You can check our student employment office for available part-time job listings."
"What is the student orientation process like?","Student orientation includes campus tours, information sessions, and social events."
"Do you have a student ID card system?","Yes, students receive ID cards that provide access to campus services and facilities."
"What types of financial aid are available?","We offer scholarships, grants, and federal student loans."
"What are the housing options for students?","We offer on-campus dormitories and off-campus housing assistance."
"Is there a gym on campus?","Yes, our campus has a fully equipped gym and fitness center."
"What is the campus culture like?","Our campus culture is diverse, inclusive, and promotes academic excellence."
"How can I change my major?","You can change your major by filling out a form at the academic advising office."
"What resources are available for academic support?","We offer tutoring, writing centers, and study groups."
"Can I take courses at other colleges while enrolled?","Yes, but you need to get prior approval from your academic advisor."
"What are the study abroad opportunities?","We have several study abroad programs in partnership with international universities."
"Are there any networking events for students?","Yes, we host various networking events throughout the academic year."
"What is the graduation rate?","Our graduation rate is approximately 80%."
"Is there a dining plan available?","Yes, we offer various meal plans for students living on campus."
"Can I participate in research as an undergraduate?","Yes, undergraduates can participate in research projects with faculty."
"How do I appeal an academic decision?","You can appeal an academic decision by submitting a formal request to the academic affairs office."
"Are there any cultural events on campus?","Yes, we host various cultural events and festivals throughout the year."
"What is the policy on leaves of absence?","Students can apply for a leave of absence through the registrar's office."
"How do I join a student organization?","You can join a student organization by attending their meetings or signing up online."
"What is the campus Wi-Fi policy?","Free Wi-Fi is available throughout the campus for students and faculty."
"Are there opportunities for volunteer work?","Yes, we encourage volunteer work and provide resources for finding opportunities."
"What are the requirements for graduate programs?","Graduate program requirements vary. Please check the specific program page."
"Is there a career fair?","Yes, we hold an annual career fair with various employers."
"What languages do you offer for study?","We offer courses in Spanish, French, German, and Mandarin."
"What is the protocol for academic advising?","Students are assigned an academic advisor who they can meet with each semester."
"Do you have a lost and found?","Yes, lost items can be reported and retrieved at the campus security office."
"How do I get involved in research?","Talk to your professors about available research opportunities."
"Is there a student newspaper?","Yes, our student newspaper publishes articles and news related to campus life."
"What should I do if I feel overwhelmed?","We encourage you to reach out to our counseling services for support."
"Can I take summer classes?","Yes, summer classes are available for all students."
"What is the policy on room changes?","Room changes can be made through the housing office with valid reasons."
"Are there recreational activities available?","Yes, we offer various recreational sports and activities."
"What should I do if I’m experiencing academic difficulty?","Contact your academic advisor or the tutoring center for help."
"Is there an honors program?","Yes, we have an honors program for academically exceptional students."
"What is the policy on religious holidays?","Students are allowed to observe religious holidays without penalty."
"How do I file a complaint?","You can file a complaint through the student affairs office."
"Are there opportunities for peer mentoring?","Yes, we have a peer mentoring program for first-year students."
"What is the policy on social media conduct?","We encourage responsible and respectful use of social media among students."
"Do you offer career counseling?","Yes, we provide career counseling and guidance for students."
"What are the library's resources for research?","The library offers databases, journals, and research assistance."
"How do I schedule an appointment with an advisor?","You can schedule an appointment online or visit the advising office."
"Are there study lounges on campus?","Yes, we have designated study lounges in various buildings."
"What is the policy on smoking on campus?","Smoking is prohibited in all campus buildings and within 25 feet of entrances."
"Is there a faculty-student mentoring program?","Yes, we encourage faculty-student mentoring for academic and professional growth."
"How do I access my student email?","You can access your student email through the student portal."
"What is the procedure for withdrawing from a course?","You can withdraw from a course through the student portal before the deadline."
"Are there any guest speakers or lectures?","Yes, we regularly host guest speakers from various fields."
"How can I provide feedback about a course?","Feedback can be submitted through the course evaluation system at the end of the semester."
"What is the procedure for obtaining a transcript?","You can request a transcript through the registrar's office."
"Are there fitness classes available?","Yes, we offer various fitness classes for students."
"What is the role of the student government?","The student government represents student interests and organizes events."
"Is there a campus newspaper?","Yes, we have a student-run newspaper that covers campus news and events."
"How do I report an incident on campus?","You can report incidents to campus security or the student affairs office."
"Are there any environmental initiatives on campus?","Yes, we have several sustainability initiatives aimed at reducing our carbon footprint."
"What is the policy on pets in dorms?","Pets are generally not allowed in dorms, with some exceptions for service animals."
"How can I get a parking permit?","Parking permits can be obtained through the campus parking office."
"Are there graduate assistantships available?","Yes, many departments offer graduate assistantships for students."
"How do I access tutoring services?","Tutoring services can be accessed through the academic support center."
"What should I do if I have a complaint about a faculty member?","Complaints should be directed to the department chair or the dean's office."
"Are there opportunities for internships?","Yes, we have partnerships with various organizations for student internships."
"Is there a student resource center?","Yes, the student resource center provides various support services."
"What is the policy on class attendance?","Regular attendance is expected, and policies vary by instructor."
"How can I improve my study habits?","We offer workshops on study skills and time management."
"What is the policy on excessive absences?","Students may be dropped from a course after a certain number of unexcused absences."
"Are there graduate programs in business?","Yes, we offer several graduate programs in business administration."
"Can I change my class schedule after classes start?","Yes, schedule changes can be made during the add/drop period."
"What is the policy on late assignments?","Late assignment policies vary by instructor; please refer to the syllabus."
"Is there a summer orientation for new students?","Yes, we offer a summer orientation program for incoming students."
"How do I access mental health resources?","Mental health resources are available through the counseling center."
"Can I participate in student government?","Yes, all students are eligible to run for student government positions."
"Are there opportunities for international students?","Yes, we provide various resources and support for international students."
"What is the policy on grade appeals?","Grade appeals can be submitted according to the academic policy outlined in the student handbook."
"Is there a community service requirement?","Some programs may have a community service requirement; check with your advisor."
"What types of events does the student center host?","The student center hosts workshops, movie nights, and social events."
"How can I stay updated on campus events?","You can check the campus calendar on our website for upcoming events."
"Are there language courses available?","Yes, we offer courses in various languages, including English as a second language."
"What programs are offered at DYPATIL College of Engineering?","DYPATIL College offers undergraduate and postgraduate programs in various engineering disciplines, including Computer Engineering, Mechanical Engineering, Civil Engineering, and Electronics and Telecommunication Engineering."
"What are the admission criteria for undergraduate programs?","Admissions to undergraduate programs typically require candidates to have completed their 10+2 education with Physics, Chemistry, and Mathematics. They must also qualify for the Maharashtra Common Entrance Test (MHT-CET) or JEE."
"Is there a placement cell at DYPATIL College?","Yes, DYPATIL College has a dedicated placement cell that assists students in securing internships and job placements through various campus recruitment drives and industry connections."
"What facilities are available on campus?","The campus provides various facilities, including modern classrooms, laboratories, libraries, sports facilities, hostels, and recreational areas to support student learning and development."
"Are there any extracurricular activities at DYPATIL College?","Yes, the college encourages extracurricular activities, including cultural events, technical fests, sports competitions, and various clubs and societies that promote student engagement and skill development."
"What is the faculty-to-student ratio?","DYPATIL College prides itself on maintaining a favorable faculty-to-student ratio to ensure personalized attention and quality education for all students."
"Is there a scholarship program for students?","The college offers various scholarships based on merit and need, including government scholarships for eligible students. More information can be obtained from the college administration."
"How can I apply for admission?","Interested candidates can apply through the college's official website during the admission process. It usually involves filling out an online application form and submitting the required documents."
"What is the college’s approach to research and innovation?","DYPATIL College promotes research and innovation through various initiatives, encouraging students and faculty to engage in research projects and collaborate with industry."
"Where can I find more information about the college?","For detailed information, you can visit the official website of DYPATIL College of Engineering, Akurdi, at dypcoeakurdi.ac.in."